{
    "instruction_set": [
        0.5,
        -0.5,
        0.5,
        -0.5,
        0.5,
        -0.5,
        0.5,
        0.5046818284571528,
        -0.727209649264803,
        0.5377934708880492
    ],
    "fitness": 4.1171629428863525
}