{
    "instruction_set": [
        0.0,
        0.0,
        -0.3882300811177879,
        0.0,
        0.0,
        0.0,
        0.0,
        0.7238081287320131,
        0.0,
        0.0,
        0.0,
        -0.657599953825857,
        0.2252765490516302,
        -0.9935085803022687,
        -0.6690335434996364
    ],
    "fitness": 4.1991071701049805
}