{
    "instruction_set": [
        0.0,
        0.0,
        0.07782143485422682,
        0.0,
        0.0,
        0.0,
        0.0,
        -0.17446252771926796,
        0.0,
        0.0,
        0.2252765490516302,
        -0.9935085803022687,
        0.3152476956137332,
        -0.47832705987088864,
        -0.9440205270406699
    ],
    "fitness": 7.484541893005371
}