{
    "instruction_set": [
        0.0,
        0.0,
        -0.4008208761932011,
        0.0,
        0.0,
        0.0,
        0.0,
        0.4238081287320131,
        0.0,
        0.0,
        0.0,
        0.2252765490516302,
        -0.9935085803022687,
        -0.16796873653377764,
        -0.47832705987088864,
        -0.9440205270406699
    ],
    "fitness": 5.226330280303955
}
